{"stats":{"minecraft:custom":{"minecraft:jump":83,"minecraft:open_chest":1,"minecraft:time_since_rest":6924,"minecraft:walk_on_water_one_cm":447,"minecraft:play_time":6924,"minecraft:leave_game":3,"minecraft:sprint_one_cm":11497,"minecraft:damage_taken":60,"minecraft:time_since_death":6924,"minecraft:walk_one_cm":8731,"minecraft:total_world_time":6924,"minecraft:talked_to_villager":2,"minecraft:drop":1,"minecraft:fall_one_cm":3078,"minecraft:fly_one_cm":21130},"minecraft:dropped":{"minecraft:acacia_log":1},"minecraft:mined":{"minecraft:hay_block":3,"minecraft:tall_grass":1,"minecraft:acacia_log":3},"minecraft:used":{"minecraft:bread":2},"minecraft:picked_up":{"minecraft:acacia_log":4,"minecraft:hay_block":3}},"DataVersion":3953}